case, loop, trial, task-clock, context-switches, cpu-migrations, page-faults, cycles, instructions, branches, branch-misses, L1-dcache-loads,L1-dcache-load-misses, LLC-loads, LLC-load-misses, L1-icache-loads, L1-icache-load-misses, dTLB-load-misses, elapsed time, real, user, sys
out_case1,100,1,106.081354,0,0,87,63482347,58294864,5379421 79004,79004,35432118,22748,128665,251,28191367,11587,29,0.107951745,real 0m0.184s,user 0m0.124s,sys 0m0.024s
out_case1,100,10,104.652917,6,0,87,62584183,57810413,5293609 72065,72065,34922819,44850,119335,1578,26839431,5402,0,0.110939737,real 0m0.210s,user 0m0.117s,sys 0m0.031s
out_case1,100,2,104.598646,0,0,87,62576988,57853627,5334091 75172,75172,35160001,21476,118700,331,28244464,3347,25,0.106404310,real 0m0.193s,user 0m0.117s,sys 0m0.031s
out_case1,100,3,104.623646,0,0,90,62610475,57864744,5334933 74828,74828,35139547,21222,120281,132,28273854,3413,29,0.106416601,real 0m0.195s,user 0m0.107s,sys 0m0.041s
out_case1,100,4,104.525313,3,0,87,62558043,57888144,5337001 75073,75073,35160261,21639,118752,138,28237672,3725,23,0.106438007,real 0m0.185s,user 0m0.096s,sys 0m0.050s
out_case1,100,5,106.344636,3,0,88,63625337,58292626,5377303 79895,79895,35404082,22928,130902,490,28150277,11045,25,0.108323354,real 0m0.185s,user 0m0.127s,sys 0m0.022s
out_case1,100,6,106.024480,0,0,87,63450128,58321523,5382352 78902,78902,35438806,22855,130359,244,28173661,11446,43,0.107892368,real 0m0.179s,user 0m0.118s,sys 0m0.030s
out_case1,100,7,103.819896,0,0,91,62106810,57639506,5304256 71027,71027,35065508,21772,119545,416,28443373,2859,42,0.105754783,real 0m0.175s,user 0m0.125s,sys 0m0.020s
out_case1,100,8,106.200469,0,0,90,63555086,58305051,5381247 78955,78955,35425084,22856,131312,185,28187158,11065,41,0.107981638,real 0m0.197s,user 0m0.118s,sys 0m0.030s
out_case1,100,9,106.859219,5,1,87,63889727,56413586,5047887 81156,81156,16261414,20976,179438,2418,31990618,16993,156,0.116783747,real 0m0.190s,user 0m0.109s,sys 0m0.040s
out_case1,1600,1,24257.096442,646,2,89,14517230162,14473596985,1317979304 3231716,3231716,9187616832,140010,1155246,45422,7934407490,770375,148,24.291159430,real 0m24.379s,user 0m24.243s,sys 0m0.061s
out_case1,1600,10,24143.604708,122,0,87,14509200600,14465780349,1316810755 3211802,3211802,9195592498,100670,996159,55094,7939422211,666272,2,24.152437746,real 0m24.270s,user 0m24.156s,sys 0m0.030s
out_case1,1600,2,24302.624248,352,4,87,14545238158,14456809446,1317360399 3383281,3383281,9201381683,173943,1492345,77728,7946415997,987471,256,24.356837848,real 0m24.465s,user 0m24.296s,sys 0m0.051s
out_case1,1600,3,24259.854330,716,1,90,14509216645,14470840024,1317978150 3224936,3224936,9202213128,159120,1312768,67612,7916861209,767838,54,24.294702074,real 0m24.401s,user 0m24.236s,sys 0m0.070s
out_case1,1600,4,24254.147674,587,0,87,14510723289,14473347426,1317889320 3215269,3215269,9201248761,172379,1216576,58042,7918827441,723927,0,24.278008560,real 0m24.357s,user 0m24.259s,sys 0m0.040s
out_case1,1600,5,24254.318131,628,0,91,14509264173,14469968358,1317563968 3230480,3230480,9199980856,148857,1167339,57612,7920474219,679280,4,24.279746511,real 0m24.355s,user 0m24.276s,sys 0m0.024s
out_case1,1600,6,24079.013780,662,1,87,14548563081,14499715391,1320577812 3295298,3295298,9195658696,170829,1326924,68952,7929159761,838232,246,24.116398215,real 0m24.232s,user 0m24.114s,sys 0m0.011s
out_case1,1600,7,24240.499451,256,5,91,14645709652,14519400144,1324048331 3858726,3858726,9207034384,206811,1406126,79177,7956142230,874638,122,24.289403229,real 0m24.388s,user 0m24.250s,sys 0m0.033s
out_case1,1600,8,24169.602991,208,7,88,14502566620,14469049117,1318690333 3284845,3284845,9210980274,152029,1212196,74612,7932419948,785431,48,24.213149168,real 0m24.300s,user 0m24.193s,sys 0m0.020s
out_case1,1600,9,24269.698820,618,3,87,14497001995,14453704182,1316890919 3279788,3279788,9203156001,184864,1235548,58300,7939090659,801003,223,24.310653117,real 0m24.388s,user 0m24.268s,sys 0m0.047s
out_case1,3200,1,97967.395082,456,2,91,59385195257,58476879142,5343815617 18514573,18514573,37115737471,1748145,14992538,540525,32244801067,11568472,292,98.001808424,real 1m38.100s,user 1m37.870s,sys 0m0.140s
out_case1,3200,10,95724.205033,2356,1,89,58083923120,57877483339,5269756651 12903736,12903736,36793829599,476491,4124724,188752,31762625866,2960132,74,95.827208995,real 1m35.902s,user 1m35.738s,sys 0m0.041s
out_case1,3200,2,95999.562118,633,2,90,57991627100,57821231086,5267061720 12855355,12855355,36810737720,435687,3843878,215231,31753897142,2867907,346,96.058153930,real 1m36.151s,user 1m35.993s,sys 0m0.050s
out_case1,3200,3,97176.393056,211,0,87,58519283316,58034601278,5295336321 15372163,15372163,36850863863,621826,4070176,187850,31873646861,2901605,160,97.196384366,real 1m37.278s,user 1m37.189s,sys 0m0.031s
out_case1,3200,4,97662.986429,545,1,90,59404941039,58467535423,5341526052 18516459,18516459,37105119403,1690395,14723563,534835,32250325320,11563532,94,97.702518510,real 1m37.781s,user 1m37.585s,sys 0m0.120s
out_case1,3200,5,97943.836283,629,2,87,59366087035,58433044983,5342052350 18335109,18335109,37114568654,1912624,15238688,562793,32227982945,11683504,214,97.994264108,real 1m38.072s,user 1m37.867s,sys 0m0.121s
out_case1,3200,6,96185.142820,2158,2,90,58080666225,57905263102,5271601328 12756735,12756735,36785473158,545610,4078758,193469,31726679746,2781144,206,96.274012682,real 1m36.360s,user 1m36.170s,sys 0m0.065s
out_case1,3200,7,95943.031447,821,2,87,58038067341,57880811384,5269500271 12725672,12725672,36803461458,373465,3570472,190282,31721559074,2665103,190,95.989888614,real 1m36.063s,user 1m35.947s,sys 0m0.040s
out_case1,3200,8,96790.952062,453,3,91,58539094927,58032066321,5291390036 15461517,15461517,36849060934,698419,4646814,207982,31895520070,3229227,256,96.866844580,real 1m36.942s,user 1m36.795s,sys 0m0.040s
out_case1,3200,9,95980.271154,2428,5,87,58033880536,57869109193,5268184556 12748709,12748709,36802612478,429514,3925683,197457,31753979671,2910806,212,96.092306060,real 1m36.167s,user 1m35.975s,sys 0m0.060s
out_case1,400,1,1542.485633,45,3,87,922204727,908170338,80389906 287405,287405,565872740,55421,330248,27639,501078024,91128,213,1.556018726,real 0m1.654s,user 0m1.565s,sys 0m0.021s
out_case1,400,10,1563.249904,53,0,91,933268338,916880596,83855714 352725,352725,579977557,75139,522800,18252,492640210,199351,30,1.572205466,real 0m1.652s,user 0m1.566s,sys 0m0.040s
out_case1,400,2,1547.364117,19,0,87,925150185,908777882,82944045 301449,301449,575320965,53347,271650,20902,493704129,52782,6,1.552113392,real 0m1.664s,user 0m1.577s,sys 0m0.019s
out_case1,400,3,1546.573652,24,4,87,925685125,911479334,83247524 322751,322751,560067716,57804,352293,7987,501333354,120063,220,1.564667598,real 0m1.645s,user 0m1.559s,sys 0m0.030s
out_case1,400,4,1525.277661,30,0,87,912883832,906218421,82533738 261296,261296,557915675,42956,262910,6166,497423739,58055,160,1.533583288,real 0m1.621s,user 0m1.537s,sys 0m0.030s
out_case1,400,5,1560.666048,9,0,87,934022937,916085789,83735385 346614,346614,578964449,69219,452949,13653,495650114,167761,0,1.562743439,real 0m1.646s,user 0m1.563s,sys 0m0.039s
out_case1,400,6,1534.505475,10,1,87,918191753,907387628,82779512 281539,281539,575391043,40101,240046,12152,496842802,48621,205,1.538100426,real 0m1.646s,user 0m1.567s,sys 0m0.011s
out_case1,400,7,1576.423440,118,0,87,939552175,916994637,83985523 381938,381938,581133981,77947,530431,35505,494718364,285409,49,1.592809983,real 0m1.703s,user 0m1.574s,sys 0m0.045s
out_case1,400,8,1527.530630,145,0,91,913181191,906342578,82627035 256400,256400,558722373,44004,272651,8121,496625295,94881,116,1.535358463,real 0m1.615s,user 0m1.542s,sys 0m0.030s
out_case1,400,9,1550.698911,30,1,91,928037002,913597413,83455104 316911,316911,578347088,62322,382887,19664,494427268,159583,55,1.557402374,real 0m1.636s,user 0m1.553s,sys 0m0.040s
out_case1,6400,1,383005.711503,9593,5,87,232390328811,231630160731,21096713941 51858581,51858581,147358296802,2097290,17559732,885818,126984796433,13533786,284,383.391750110,real 6m23.464s,user 6m22.813s,sys 0m0.280s
out_case1,6400,10,382325.039088,9136,0,88,232248226974,231578581705,21079186687 50673705,50673705,147145893453,1953939,15699198,711936,126927170431,11448129,10,382.674570003,real 6m22.750s,user 6m22.113s,sys 0m0.302s
out_case1,6400,2,382400.251187,2193,0,89,231976825204,231370069334,21070532073 50566225,50566225,147206797190,1210693,12865716,772714,126953341551,10327199,54,382.528566950,real 6m22.602s,user 6m22.375s,sys 0m0.070s
out_case1,6400,3,382668.658909,9646,4,87,232061230717,231485194195,21085812016 50752768,50752768,147305320045,1807457,15529203,775334,126873641802,11801999,232,383.055472161,real 6m23.139s,user 6m22.551s,sys 0m0.210s
out_case1,6400,4,385228.177130,3824,6,87,233865377646,232071820267,21158781238 59530137,59530137,147354668799,2504934,16607824,925710,127443034426,12091215,316,385.456951667,real 6m25.572s,user 6m25.160s,sys 0m0.120s
out_case1,6400,5,383040.512046,9073,0,90,232177835044,231533635028,21083393665 50706791,50706791,147221798621,1671281,15236094,784398,126906243085,11561535,42,383.394371173,real 6m23.481s,user 6m22.918s,sys 0m0.212s
out_case1,6400,6,382311.514025,2072,3,90,232006928234,231421807290,21079875173 50581269,50581269,147288549713,1265369,13096081,748815,126862984759,10528553,108,382.468910375,real 6m22.558s,user 6m22.299s,sys 0m0.057s
out_case1,6400,7,383168.881662,6632,2,87,232768704863,231727790290,21106319737 53730859,53730859,147254781235,1984256,15349691,775034,127129333223,11696397,74,383.445273850,real 6m23.534s,user 6m23.054s,sys 0m0.191s
out_case1,6400,8,382674.678278,9093,3,89,232164211765,231534776062,21086965587 50648524,50648524,147261020562,2220922,15912994,855806,126867907110,11619747,240,383.035204293,real 6m23.131s,user 6m22.553s,sys 0m0.212s
out_case1,6400,9,385125.244701,893,3,87,234026205951,232117876766,21173251287 61157347,61157347,147455363183,2314642,15312489,608193,127519434333,11225838,248,385.211952568,real 6m25.285s,user 6m25.138s,sys 0m0.031s
out_case1,800,1,6128.558868,245,0,87,3654082540,3624648383,331297003 1038641,1038641,2304584247,90380,579819,24373,1995453698,265265,16,6.150622873,real 0m6.226s,user 0m6.125s,sys 0m0.046s
out_case1,800,10,6083.303363,164,2,91,3640406254,3622119294,329948861 892170,892170,2285563895,75926,519702,23715,1987772721,245913,234,6.101544287,real 0m6.222s,user 0m6.096s,sys 0m0.030s
out_case1,800,2,6093.846953,211,5,87,3646657081,3624833729,327869768 925238,925238,2293186565,81570,557145,26191,1990892255,261866,208,6.122880798,real 0m6.195s,user 0m6.107s,sys 0m0.030s
out_case1,800,3,6227.304244,128,0,90,3726037235,3660928615,334603597 1260001,1260001,2319620190,171326,1263626,51127,2010877614,776227,18,6.237719054,real 0m6.324s,user 0m6.260s,sys 0m0.010s
out_case1,800,4,6072.635900,188,0,87,3633328850,3618607575,329567153 854147,854147,2285373721,64109,434771,17812,1986350542,203143,72,6.088368177,real 0m6.160s,user 0m6.046s,sys 0m0.070s
out_case1,800,5,6158.103507,52,2,87,3669088600,3630286220,332008525 1088296,1088296,2309715211,107428,734136,45571,2003034837,379192,26,6.165390214,real 0m6.245s,user 0m6.162s,sys 0m0.040s
out_case1,800,6,6154.458088,59,4,90,3672170773,3633751286,332170970 1089369,1089369,2308095501,107183,722639,45708,1984183209,364687,14,6.166573141,real 0m6.256s,user 0m6.158s,sys 0m0.041s
out_case1,800,7,6070.353766,128,0,91,3632760172,3619326699,327054408 835400,835400,2290163597,61243,432670,20695,1985467134,197789,26,6.077009752,real 0m6.154s,user 0m6.074s,sys 0m0.041s
out_case1,800,8,6079.218353,184,5,87,3638030201,3592401003,327745467 873402,873402,2294020378,71075,503981,28154,1987379863,219838,230,6.117199568,real 0m6.194s,user 0m6.083s,sys 0m0.041s
out_case1,800,9,6070.647883,134,0,89,3632455816,3589624807,327442440 839017,839017,2293027279,57493,427335,19232,1986136168,183455,38,6.077455106,real 0m6.180s,user 0m6.084s,sys 0m0.030s
out_case2,100,1,208.322709,0,0,87,124633318,104717686,5596835 78556,78556,37527543,29876,164302,396,53682979,13150,43,0.210137519,real 0m0.287s,user 0m0.238s,sys 0m0.014s
out_case2,100,10,206.656042,0,0,88,123645583,104340776,5543555 53146,53146,37867562,28803,160163,532,53742248,13947,35,0.208417290,real 0m0.320s,user 0m0.222s,sys 0m0.027s
out_case2,100,2,206.755053,0,0,87,123696733,104421563,5543088 70835,70835,37793352,29688,161518,884,53743144,14982,29,0.208502955,real 0m0.296s,user 0m0.213s,sys 0m0.040s
out_case2,100,3,206.586509,6,0,87,123612604,104455727,5548156 72916,72916,37697549,30726,163915,290,53657811,16691,64,0.208890244,real 0m0.303s,user 0m0.203s,sys 0m0.047s
out_case2,100,4,214.713797,59,0,87,128291181,106222745,5772937 102851,102851,47403048,40810,240331,1380,52721681,57291,39,0.220142360,real 0m0.332s,user 0m0.228s,sys 0m0.032s
out_case2,100,5,208.430471,6,1,87,124664929,104557859,5593215 57033,57033,39572577,29781,161253,1330,54016485,19062,214,0.212176668,real 0m0.307s,user 0m0.213s,sys 0m0.038s
out_case2,100,6,211.276928,5,0,87,126407302,105679583,5693721 86628,86628,37384982,33391,190858,409,53639567,34875,99,0.213399886,real 0m0.301s,user 0m0.234s,sys 0m0.020s
out_case2,100,7,211.900783,3,0,88,126798420,105821860,5702823 88282,88282,37224667,33479,192581,2448,53575043,35227,34,0.214099723,real 0m0.305s,user 0m0.231s,sys 0m0.026s
out_case2,100,8,212.245209,4,0,91,127007851,105895601,5702848 88564,88564,37120398,33568,195993,2839,53558057,34691,92,0.214637479,real 0m0.287s,user 0m0.224s,sys 0m0.031s
out_case2,100,9,207.905155,3,0,90,124262372,104172845,5533522 73004,73004,37520669,28955,161652,3264,53631684,16354,57,0.210017740,real 0m0.331s,user 0m0.225s,sys 0m0.026s
out_case2,1600,1,49865.632658,255,0,87,30278006948,26265617361,1317940827 3343284,3343284,11819064785,168376,1784189,109700,13208904877,1361060,76,49.881634103,real 0m49.959s,user 0m49.900s,sys 0m0.010s
out_case2,1600,10,50000.090724,1279,2,87,30282965793,26302238858,1321014682 3393861,3393861,11849286515,276022,2332004,126462,13181338938,1607716,216,50.065427613,real 0m50.153s,user 0m49.979s,sys 0m0.071s
out_case2,1600,2,50315.180405,291,1,87,30515586818,26352407985,1331884038 4771347,4771347,11859085698,343425,2328273,135780,13282987906,1594960,228,50.345084956,real 0m50.436s,user 0m50.327s,sys 0m0.032s
out_case2,1600,3,50271.164363,184,4,87,30467393522,26314806730,1329717736 4614226,4614226,11860760583,303250,2170423,130908,13268840657,1515187,92,50.306917851,real 0m50.407s,user 0m50.281s,sys 0m0.034s
out_case2,1600,4,50187.722300,977,1,89,30330588291,26303987413,1323170514 3673947,3673947,11841510952,280707,2175511,114960,13188984792,1532046,18,50.227493864,real 0m50.322s,user 0m50.207s,sys 0m0.031s
out_case2,1600,5,50783.743546,392,3,87,30770716911,26506379973,1349316607 5663700,5663700,11958741024,707642,5766665,275893,13356227106,4334253,52,50.805295293,real 0m50.877s,user 0m50.757s,sys 0m0.068s
out_case2,1600,6,49866.608229,265,0,90,30247015207,26273368506,1318436270 3336093,3336093,11834043107,169944,1799916,120038,13184600244,1357549,170,49.884983694,real 0m49.972s,user 0m49.900s,sys 0m0.010s
out_case2,1600,7,49866.958602,261,0,91,30298562148,26319955814,1320758817 3330730,3330730,11822913096,152660,1766767,118977,13182310890,1377624,46,49.883349048,real 0m49.965s,user 0m49.890s,sys 0m0.020s
out_case2,1600,8,49665.193018,270,0,89,30261653775,26298173744,1320718504 3357269,3357269,11849407547,179002,1804812,123972,13166111106,1329968,40,49.682709907,real 0m49.785s,user 0m49.676s,sys 0m0.034s
out_case2,1600,9,50505.146822,347,0,90,30548230159,26374946884,1332228928 4744517,4744517,11856266162,302760,2442114,145008,13269223584,1595191,0,50.521246213,real 0m50.624s,user 0m50.522s,sys 0m0.026s
out_case2,3200,1,200950.349409,298,1,91,122130105843,105444553922,5328032239 18645764,18645764,47431631077,1171531,8103331,406155,53082652930,5987671,184,200.964475899,real 3m21.045s,user 3m20.941s,sys 0m0.053s
out_case2,3200,10,202403.223544,1198,4,87,123923234292,106341809053,5430729533 25045703,25045703,47950683638,3334248,30130288,1287074,53832979724,24160763,294,202.500617687,real 3m22.589s,user 3m22.310s,sys 0m0.136s
out_case2,3200,2,199204.834514,4834,2,88,120964569651,105048498055,5275961538 13312974,13312974,47338778324,1184960,8326716,431964,52797085623,6038389,304,199.409466686,real 3m19.498s,user 3m19.136s,sys 0m0.139s
out_case2,3200,3,200519.417699,319,5,87,122075384248,105469102666,5329824501 18637531,18637531,47453182659,1102039,7830472,461490,53051843232,5835128,106,200.554981456,real 3m20.664s,user 3m20.512s,sys 0m0.050s
out_case2,3200,4,200804.468570,283,0,87,122044574075,105422872278,5328876794 18688504,18688504,47444684989,1021772,7423534,405046,53065357054,5729445,114,200.816254616,real 3m20.888s,user 3m20.817s,sys 0m0.030s
out_case2,3200,5,199144.443229,1271,6,87,121118560155,105141311816,5275879498 13288525,13288525,47307534577,695687,6948320,400960,52782114347,5436157,284,199.250521659,real 3m19.333s,user 3m19.146s,sys 0m0.044s
out_case2,3200,6,199131.577728,1179,2,87,121024202601,105075136362,5273217353 13240341,13240341,47332161527,682657,6837811,389123,52785544028,5394174,232,199.202931893,real 3m19.310s,user 3m19.138s,sys 0m0.041s
out_case2,3200,7,201081.878671,330,4,91,122111126284,105477296615,5332158611 18764117,18764117,47449905983,1055959,7718703,492959,53044910247,5847146,278,201.110596109,real 3m21.189s,user 3m21.084s,sys 0m0.041s
out_case2,3200,8,199601.600379,4544,1,87,121136072738,105170786098,5279124776 13290129,13290129,47317930290,754955,7506933,440541,52759578823,5918746,254,199.795216952,real 3m19.893s,user 3m19.538s,sys 0m0.131s
out_case2,3200,9,200826.846654,310,0,87,122055899493,105468167441,5332073081 18769529,18769529,47481932204,1111262,7663990,480323,53022091685,5785213,296,200.853665406,real 3m20.934s,user 3m20.835s,sys 0m0.034s
out_case2,400,1,3196.565062,6,0,87,1913252608,1650331344,83686058 342275,342275,735236952,53321,317788,11159,831266048,104137,52,3.198647597,real 0m3.286s,user 0m3.205s,sys 0m0.034s
out_case2,400,10,3199.540167,12,0,87,1914537901,1650261806,83689273 345387,345387,734369848,52676,320343,16335,831401232,112136,112,3.202476760,real 0m3.307s,user 0m3.212s,sys 0m0.032s
out_case2,400,2,3205.476677,48,1,90,1918283493,1652230046,83894244 381874,381874,731846969,66657,408266,10029,831383007,159149,228,3.216880094,real 0m3.317s,user 0m3.216s,sys 0m0.034s
out_case2,400,3,3201.598860,16,0,89,1915595762,1649953044,83686133 344879,344879,733453019,54025,326540,14410,831594396,113723,118,3.205864630,real 0m3.293s,user 0m3.215s,sys 0m0.032s
out_case2,400,4,3220.606259,138,7,87,1926413067,1656074110,84309111 406551,406551,736064333,87602,580803,25870,836685690,298255,246,3.248949823,real 0m3.359s,user 0m3.204s,sys 0m0.062s
out_case2,400,5,3220.360423,49,1,87,1926689110,1656612012,84352570 397775,397775,746383998,80401,556597,20278,833258709,282381,281,3.244101375,real 0m3.354s,user 0m3.254s,sys 0m0.011s
out_case2,400,6,3171.260896,8,0,90,1870994947,1626358870,82145094 255218,255218,738781467,51662,328156,12653,826722518,96835,16,3.173620101,real 0m3.258s,user 0m3.184s,sys 0m0.031s
out_case2,400,7,3170.691154,35,0,90,1869868760,1626120355,82130854 262026,262026,738682931,53294,346827,12296,826691262,104415,83,3.175038927,real 0m3.271s,user 0m3.183s,sys 0m0.030s
out_case2,400,8,3199.873966,22,2,90,1914908555,1627237215,82738610 342565,342565,738587155,60176,393662,25204,831746813,134691,204,3.215521804,real 0m3.317s,user 0m3.208s,sys 0m0.036s
out_case2,400,9,3201.768864,10,0,87,1915907284,1650138092,82453178 343754,343754,735877874,55687,328532,23339,831430269,110460,109,3.205183152,real 0m3.298s,user 0m3.214s,sys 0m0.031s
out_case2,6400,1,803164.339703,1350,4,87,488427615333,421849768946,21315734217 74393174,74393174,189765523572,4581761,31530819,1760405,212263773434,23737621,376,803.241010388,real 13m23.327s,user 13m23.187s,sys 0m0.020s
out_case2,6400,10,799740.913383,8424,6,91,487014815411,421448503184,21259679358 68101892,68101892,189674029620,4586872,32853939,960859,211839564261,24567225,292,800.118157304,real 13m20.196s,user 13m19.684s,sys 0m0.130s
out_case2,6400,2,796546.971240,19002,1,87,484366479245,420526107806,21115491742 53260048,53260048,189312272951,3767797,31634317,1678610,211083118141,23992090,244,797.256820702,real 13m17.368s,user 13m16.143s,sys 0m0.545s
out_case2,6400,3,796571.239738,19484,1,89,484338545696,420488677143,21109390566 53045892,53045892,189322256161,3900382,31140728,1720039,211099732564,23637235,70,797.330958384,real 13m17.433s,user 13m16.230s,sys 0m0.485s
out_case2,6400,4,795840.379504,6124,5,87,484216749071,420315266784,21096569915 52993511,52993511,189259905356,2774595,27664809,1777779,211151013196,22129686,1190,796.248941231,real 13m16.328s,user 13m15.769s,sys 0m0.127s
out_case2,6400,5,798660.924007,12016,3,87,485408736606,420896336857,21170333817 59168583,59168583,189455811813,4291468,31778360,1910695,211422429267,23633573,414,799.158477961,real 13m19.277s,user 13m18.545s,sys 0m0.214s
out_case2,6400,6,796227.685947,19880,4,87,484405542200,420578104691,21113294365 53145700,53145700,189323099976,4189238,32162893,1673088,211067057190,23699207,94,796.994654301,real 13m17.115s,user 13m15.831s,sys 0m0.540s
out_case2,6400,7,800381.936729,1134,3,87,488402167177,421877997965,21319700494 74531603,74531603,189818140910,4552963,30969032,1886267,212194874661,23048854,112,800.431116631,real 13m20.508s,user 13m20.409s,sys 0m0.015s
out_case2,6400,8,798292.453481,2249,2,91,487411238557,421519011628,21268479543 69460392,69460392,189692150767,4161686,30583743,1786788,211944255618,23545220,174,798.423081972,real 13m18.509s,user 13m18.294s,sys 0m0.040s
out_case2,6400,9,795060.172532,7082,1,91,484210550958,420538359428,21108564259 52913824,52913824,189305669595,2708546,27498030,707132,211037640767,22068807,582,795.448244028,real 13m15.535s,user 13m15.000s,sys 0m0.128s
out_case2,800,1,12658.216811,339,0,87,7575571009,6573130894,329069800 890390,890390,2952806800,110062,745533,43635,3300720554,374052,108,12.673962884,real 0m12.787s,user 0m12.682s,sys 0m0.021s
out_case2,800,10,12623.551962,170,0,87,7619939709,6591638304,333678129 1245274,1245274,2969519811,129895,813053,37019,3315503208,422783,8,12.636468151,real 0m12.724s,user 0m12.642s,sys 0m0.024s
out_case2,800,2,12661.506604,327,0,90,7576971331,6573325532,328960431 889491,889491,2951477660,119968,862060,46033,3300741951,396567,102,12.678177146,real 0m12.774s,user 0m12.659s,sys 0m0.048s
out_case2,800,3,12658.933373,90,0,91,7638585804,6563311804,332250536 1226594,1226594,2959572570,111618,731762,40008,3323726304,405196,158,12.665166114,real 0m12.777s,user 0m12.670s,sys 0m0.034s
out_case2,800,4,12684.204314,164,1,90,7663316967,6617353159,334905714 1223143,1223143,2972710926,153294,1315545,58896,3320553186,861680,252,12.701186743,real 0m12.789s,user 0m12.727s,sys 0m0.001s
out_case2,800,5,12660.183111,32,0,87,7629614517,6563886983,332261457 1222493,1222493,2965151928,101850,714599,40187,3322054466,396016,94,12.663860015,real 0m12.759s,user 0m12.673s,sys 0m0.032s
out_case2,800,6,12557.504690,362,0,87,7586130265,6576428647,328825755 875061,875061,2950573176,93420,709909,41219,3304211763,439398,52,12.573528113,real 0m12.683s,user 0m12.562s,sys 0m0.041s
out_case2,800,7,12681.471966,138,3,87,7661580253,6611031283,334816702 1308536,1308536,2960525107,146736,965217,42031,3318658996,553655,234,12.701909167,real 0m12.795s,user 0m12.684s,sys 0m0.041s
out_case2,800,8,12575.497642,278,3,88,7597526539,6580892446,330576647 937517,937517,2951110123,117336,807656,41375,3309362056,459406,199,12.598997378,real 0m12.688s,user 0m12.560s,sys 0m0.060s
out_case2,800,9,12560.836185,281,7,89,7589097602,6558822424,329437046 915529,915529,2952433672,105191,761008,37067,3303105828,392439,295,12.592646317,real 0m12.673s,user 0m12.553s,sys 0m0.052s
out_case3,100,1,379.114062,13,0,92,218880513,215694016,35812115 67090,67090,77770702,40421,234012,7343,108433368,14954,0,0.381498824,real 0m0.508s,user 0m0.410s,sys 0m0.015s
out_case3,100,10,383.313544,1,0,91,219055139,214109411,35911220 78009,78009,77984625,40083,229491,8552,107708798,10248,4,0.385331032,real 0m0.459s,user 0m0.407s,sys 0m0.022s
out_case3,100,2,378.840366,3,0,92,218947848,215920151,35830291 66342,66342,77730499,38689,226206,7720,108438167,11103,0,0.381192787,real 0m0.476s,user 0m0.392s,sys 0m0.031s
out_case3,100,3,378.905367,12,0,88,217826669,215118999,35855540 68887,68887,77746340,39915,225926,9014,107976668,11591,4,0.383060061,real 0m0.471s,user 0m0.382s,sys 0m0.041s
out_case3,100,4,386.776097,17,1,91,221668186,216173593,36020596 93210,93210,78423110,47230,277312,13312,108832822,31608,35,0.394486561,real 0m0.482s,user 0m0.420s,sys 0m0.011s
out_case3,100,5,389.708644,14,0,92,217209489,210301899,35592588 96977,96977,79076267,51114,290525,10365,127420130,52403,31,0.394513385,real 0m0.468s,user 0m0.392s,sys 0m0.040s
out_case3,100,6,378.486199,0,0,88,219354240,216469586,35805725 65443,65443,77660760,37928,217881,6039,108711817,9118,0,0.380307486,real 0m0.458s,user 0m0.412s,sys 0m0.011s
out_case3,100,7,390.514273,42,2,88,224585390,217324167,36188984 107077,107077,78770783,53969,326818,22217,107773302,33897,27,0.443554769,real 0m0.527s,user 0m0.393s,sys 0m0.041s
out_case3,100,8,378.950521,5,0,91,224902051,217144556,35814737 67526,67526,77695710,40321,236451,2817,111781600,13054,8,0.381682526,real 0m0.481s,user 0m0.403s,sys 0m0.019s
out_case3,100,9,379.399170,14,1,88,215968993,212972390,35862942 66523,66523,77843120,39393,227177,9490,106614601,20537,10,0.386553884,real 0m0.472s,user 0m0.402s,sys 0m0.021s
out_case3,1600,1,93964.588735,450,5,89,56922474582,55225685120,9197273322 6103255,6103255,19767192238,605037,4094556,94004,31599334071,2985485,200,94.031723133,real 1m34.147s,user 1m33.980s,sys 0m0.029s
out_case3,1600,10,93098.762620,483,3,89,56548354351,55162200583,9192573783 3610459,3610459,19724843496,350917,3321035,135272,31416432832,2537484,28,93.131573839,real 1m33.219s,user 1m33.101s,sys 0m0.038s
out_case3,1600,2,93715.872319,264,5,89,56982531058,55277773845,9206075929 6298195,6298195,19762502374,590017,3971033,118303,31580166557,2848430,66,93.747850157,real 1m33.841s,user 1m33.708s,sys 0m0.051s
out_case3,1600,3,93183.672210,2221,2,90,56543587012,55145934867,9186607521 3733793,3733793,19720468431,455632,4252562,113244,31455638168,2753252,80,93.273614601,real 1m33.347s,user 1m33.197s,sys 0m0.041s
out_case3,1600,4,93071.877509,2455,1,89,56539282581,55140613775,9184497510 3663577,3663577,19703103078,490788,3968475,127708,31469002979,2924150,222,93.174509083,real 1m33.248s,user 1m33.066s,sys 0m0.060s
out_case3,1600,5,93339.971793,471,0,91,56577672857,55172568549,9189292637 3581589,3581589,19713111585,317590,3669388,132335,31433560304,2607875,48,93.367934743,real 1m33.473s,user 1m33.342s,sys 0m0.040s
out_case3,1600,6,93296.899552,2615,3,90,56509922956,55122830139,9185915522 3712429,3712429,19738464490,561522,4207991,132229,31447235237,3206254,218,93.416980395,real 1m33.495s,user 1m33.311s,sys 0m0.040s
out_case3,1600,7,93943.637216,397,1,89,56979927682,55262002626,9209115922 6334387,6334387,19783723703,574915,4026577,162726,31556405805,2950713,80,93.975735640,real 1m34.085s,user 1m33.957s,sys 0m0.032s
out_case3,1600,8,94017.455445,394,3,89,57088928967,55362075001,9216948722 6475240,6475240,19772210908,644861,4586137,218820,31588336017,3416968,404,94.076995513,real 1m34.168s,user 1m34.000s,sys 0m0.061s
out_case3,1600,9,94436.606743,643,3,92,57337519749,55447458178,9228019042 7740070,7740070,19861531928,1428505,9163857,350555,31670139191,6121282,290,94.502661403,real 1m34.583s,user 1m34.381s,sys 0m0.099s
out_case3,3200,1,372569.765272,8725,0,94,226178875801,220581506078,36743709776 14335552,14335552,78853399378,1954582,15160205,643377,125838443887,11112410,20,372.897063256,real 6m12.993s,user 6m12.427s,sys 0m0.230s
out_case3,3200,10,372116.164279,2021,3,92,226220579340,220665294387,36759263575 14251538,14251538,78852756709,1414800,13229184,908801,125741295880,10444147,152,372.262230842,real 6m12.337s,user 6m12.121s,sys 0m0.039s
out_case3,3200,2,375493.363959,804,2,90,228023626081,221222813183,36848803235 25065396,25065396,79094914245,2128631,15185803,498812,126280784604,11515345,70,375.579034220,real 6m15.656s,user 6m15.471s,sys 0m0.067s
out_case3,3200,3,372048.065668,8653,0,94,226250040858,220548421548,36723158913 14304863,14304863,78838750433,1882045,14937500,651530,125879285961,11289118,38,372.378693727,real 6m12.468s,user 6m11.858s,sys 0m0.277s
out_case3,3200,4,371870.490940,2113,5,90,226107901146,220565692645,36748584888 14227356,14227356,78857903546,1148548,12557150,868620,125780969834,10210005,310,372.013817459,real 6m12.095s,user 6m11.856s,sys 0m0.060s
out_case3,3200,5,375162.140054,775,0,90,227984660211,221115015135,36828644289 25050197,25050197,79099934896,2212726,15161247,1001591,126356835727,11522202,40,375.230091329,real 6m15.315s,user 6m15.169s,sys 0m0.038s
out_case3,3200,6,374589.649574,2478,6,92,227746236685,221148483737,36829463561 22957776,22957776,79035074731,2167580,15285165,1013950,126197592263,11448864,292,374.736121887,real 6m14.814s,user 6m14.541s,sys 0m0.101s
out_case3,3200,7,372217.698739,1938,1,92,226217391842,220594672255,36748003603 14718175,14718175,78852267071,1226941,12786519,883875,125827254926,10073223,264,372.342842355,real 6m12.422s,user 6m12.232s,sys 0m0.031s
out_case3,3200,8,380845.034676,1709,4,90,231727335540,223044709870,37046699340 39189276,39189276,80037106557,6773186,58280712,2655583,127261378668,44130905,284,380.944610793,real 6m21.017s,user 6m20.644s,sys 0m0.241s
out_case3,3200,9,380608.614363,1352,1,92,231620538129,222958648369,37043256786 39772151,39772151,80049315003,6428867,57603699,2682888,127323862976,44388799,126,380.673944623,real 6m20.776s,user 6m20.338s,sys 0m0.311s
out_case3,400,1,6054.235178,187,4,88,3621894275,3484050994,574464316 676263,676263,1246342018,152218,1132302,40880,1993084807,741314,273,6.098351838,real 0m6.173s,user 0m6.031s,sys 0m0.068s
out_case3,400,10,6051.836326,98,1,90,3621297103,3458691168,575313237 660024,660024,1248131965,175049,1142811,35730,1992270980,692396,264,6.060223233,real 0m6.167s,user 0m6.054s,sys 0m0.041s
out_case3,400,2,5960.087772,47,4,88,3566883982,3456657599,571079930 437557,437557,1230754461,76768,468221,23843,1975958622,203173,278,5.984846544,real 0m6.095s,user 0m5.968s,sys 0m0.035s
out_case3,400,3,5962.788040,52,1,88,3568326079,3457534560,575543606 434801,434801,1229951754,69174,432192,16932,1976037009,205859,186,5.979771830,real 0m6.057s,user 0m5.979s,sys 0m0.028s
out_case3,400,4,5919.925643,62,1,88,3522124838,3435600137,573000116 293402,293402,1233269096,64137,442982,21094,1969091329,198395,136,5.933551642,real 0m6.027s,user 0m5.922s,sys 0m0.041s
out_case3,400,5,5964.487413,13,0,88,3569960053,3458988871,575692523 444840,444840,1228452399,65769,431175,17228,1976392124,192790,86,5.967411798,real 0m6.049s,user 0m5.986s,sys 0m0.021s
out_case3,400,6,6062.777047,91,0,89,3627967152,3458260852,575095931 698237,698237,1247981314,166938,1221941,51276,1993891883,780729,52,6.068616800,real 0m6.190s,user 0m6.038s,sys 0m0.067s
out_case3,400,7,6060.868091,39,0,88,3626768301,3460063926,575424083 679329,679329,1248447361,171835,1229750,46585,1992813305,746494,113,6.065595190,real 0m6.142s,user 0m6.073s,sys 0m0.031s
out_case3,400,8,5927.884602,318,1,88,3518036629,3428454070,571589270 330937,330937,1232490163,91587,520740,21774,1971698087,234215,261,5.964168207,real 0m6.068s,user 0m5.943s,sys 0m0.031s
out_case3,400,9,5997.980445,173,4,92,3588220424,3467651921,576346813 522157,522157,1242975475,146781,921721,34275,1979063693,521500,444,6.050579243,real 0m6.130s,user 0m6.011s,sys 0m0.031s
out_case3,6400,1,1537394.801077,7873,4,94,934893801242,912530064653,146976090128 56615842,56615842,315331918626,4637086,50673689,3165771,518957845064,42300112,270,1537.844282435,real 25m37.923s,user 25m37.408s,sys 0m0.039s
out_case3,6400,10,1553930.308197,3011,7,94,942678789293,915198639673,147399441860 100443181,100443181,316365759533,8638649,61519430,3896380,521005505382,47484019,198,1554.076226399,real 25m54.170s,user 25m53.940s,sys 0m0.030s
out_case3,6400,2,1546244.911934,8921,4,90,939097356623,913904949180,147178686865 79425775,79425775,315943781576,7630226,64722901,4662948,520188498329,50934197,1136,1546.739415912,real 25m46.826s,user 25m46.091s,sys 0m0.207s
out_case3,6400,3,1570321.233592,6041,3,90,951595807173,919472118158,147897053645 138140234,138140234,318757805246,20957159,168399150,7349200,523649773194,131866528,890,1570.599617520,real 26m10.674s,user 26m9.801s,sys 0m0.560s
out_case3,6400,4,1556715.288531,10135,10,90,940765866944,914451025043,147282861880 89506007,89506007,316100830695,7953336,60684688,3921204,520535509143,46742206,852,1557.250966691,real 25m57.353s,user 25m56.627s,sys 0m0.154s
out_case3,6400,5,1559012.295049,2970,1,90,942881545794,915174078855,147400447064 101672877,101672877,316351987935,9238287,62345306,3745649,521111685459,47175274,242,1559.139548436,real 25m59.231s,user 25m59.013s,sys 0m0.041s
out_case3,6400,6,1556918.974888,2900,4,90,942963651870,915238761443,147386685730 101575356,101575356,316304915488,8204978,58185191,3815492,521149810600,45341538,78,1557.035727227,real 25m57.132s,user 25m56.939s,sys 0m0.022s
out_case3,6400,7,1557457.064444,2290,2,92,943044263475,915272774389,147402925937 101427913,101427913,316362697745,9966223,62744869,3828896,521020147627,45363192,348,1557.561705624,real 25m57.664s,user 25m57.467s,sys 0m0.031s
out_case3,6400,8,1541472.835423,8296,1,90,935023683644,912721759599,147017185477 57273166,57273166,315374563766,5361541,54216423,3445351,518916372154,43040937,474,1541.969214293,real 25m42.061s,user 25m41.457s,sys 0m0.068s
out_case3,6400,9,1555048.003617,2781,0,90,942925773374,915263013334,147414115010 101813047,101813047,316397682275,9392449,62181235,3861549,521000432194,45762663,146,1555.171699971,real 25m55.253s,user 25m55.066s,sys 0m0.020s
out_case3,800,1,23516.830177,46,0,90,14233242651,13803284761,2300744556 1616224,1616224,4948824763,181251,1145447,39361,7883740529,695994,6,23.521118836,real 0m23.625s,user 0m23.523s,sys 0m0.038s
out_case3,800,10,23628.327209,111,6,88,14286237328,13847332554,2304179935 1684070,1684070,4940826908,210858,1282886,37219,7892282750,761272,390,23.691050877,real 0m23.791s,user 0m23.651s,sys 0m0.020s
out_case3,800,2,23921.031321,148,0,88,14463798220,13918144200,2313601891 2548138,2548138,5002203531,480116,3986762,198519,7960643245,2892822,126,23.934131534,real 0m24.035s,user 0m23.903s,sys 0m0.060s
out_case3,800,3,23710.924867,190,2,89,14244450122,13795823286,2300082507 1591478,1591478,4942971240,168556,1192391,35402,7889106543,733764,110,23.736206666,real 0m23.814s,user 0m23.734s,sys 0m0.021s
out_case3,800,4,23492.540539,616,1,90,14138301086,13783350616,2294941870 974084,974084,4919681204,168895,1206191,30709,7875377592,714845,194,23.521964129,real 0m23.627s,user 0m23.500s,sys 0m0.036s
out_case3,800,5,23842.106232,282,3,90,14425631523,13907337939,2309887610 2443019,2443019,5003228749,488500,3800277,99244,7935132406,2649423,273,23.887289411,real 0m23.961s,user 0m23.845s,sys 0m0.040s
out_case3,800,6,23320.326376,175,0,88,14152935136,13763266471,2292487084 951478,951478,4921093702,123888,1072749,39391,7870538633,700094,194,23.343189916,real 0m23.460s,user 0m23.352s,sys 0m0.011s
out_case3,800,7,23425.907316,544,0,88,14106336199,13772163658,2298139610 947418,947418,4937382830,134887,1153730,34386,7853071965,747594,6,23.448917963,real 0m23.526s,user 0m23.404s,sys 0m0.067s
out_case3,800,8,23518.759389,117,0,88,14149308706,13797785378,2296815439 937169,937169,4925325296,104032,980229,33051,7851415673,650460,4,23.527513927,real 0m23.624s,user 0m23.546s,sys 0m0.017s
out_case3,800,9,23626.086586,238,0,88,14260945956,13832292113,2303438160 1664896,1664896,4939221500,190859,1279992,44879,7883242569,810669,18,23.653998005,real 0m23.753s,user 0m23.650s,sys 0m0.020s
